-- phpMyAdmin SQL Dump
-- version 4.0.9
-- http://www.phpmyadmin.net
--
-- Host: 127.0.0.1
-- Generation Time: Apr 13, 2014 at 04:50 PM
-- Server version: 5.5.34
-- PHP Version: 5.4.22

SET FOREIGN_KEY_CHECKS=0;
SET SQL_MODE = "NO_AUTO_VALUE_ON_ZERO";
SET time_zone = "+00:00";

--
-- Database: `blog`
--

-- --------------------------------------------------------

--
-- Table structure for table `comments`
--

DROP TABLE IF EXISTS `comments`;
CREATE TABLE IF NOT EXISTS `comments` (
  `post_id` int(11) NOT NULL,
  PRIMARY KEY (`post_id`)
) ENGINE=InnoDB DEFAULT CHARSET=latin1;

-- --------------------------------------------------------

--
-- Table structure for table `post`
--

DROP TABLE IF EXISTS `post`;
CREATE TABLE IF NOT EXISTS `post` (
  `post_id` int(10) unsigned NOT NULL AUTO_INCREMENT,
  `post_subject` varchar(255) NOT NULL,
  `post_text` text NOT NULL,
  `post_created` timestamp NOT NULL DEFAULT CURRENT_TIMESTAMP,
  `user_id` int(10) unsigned NOT NULL,
  PRIMARY KEY (`post_id`),
  KEY `user_id` (`user_id`)
) ENGINE=InnoDB  DEFAULT CHARSET=latin1 AUTO_INCREMENT=6 ;

--
-- Dumping data for table `post`
--

INSERT INTO `post` (`post_id`, `post_subject`, `post_text`, `post_created`, `user_id`) VALUES
(3, 'Esimene postitus', 'Tere', '2014-03-17 09:13:42', 1),
(4, 'Teine postitus', 'See juba on midagi', '2014-03-17 09:17:42', 1),
(5, 'Kolmas postitus', 'Postitus\r\n', '2014-03-17 09:20:10', 1);

-- --------------------------------------------------------

--
-- Table structure for table `post_comments`
--

DROP TABLE IF EXISTS `post_comments`;
CREATE TABLE IF NOT EXISTS `post_comments` (
  `post_id` int(11) unsigned NOT NULL,
  `comment_id` int(11) unsigned NOT NULL,
  PRIMARY KEY (`post_id`,`comment_id`),
  KEY `comment_id` (`comment_id`)
) ENGINE=InnoDB DEFAULT CHARSET=latin1;

--
-- Dumping data for table `post_comments`
--

INSERT INTO `post_comments` (`post_id`, `comment_id`) VALUES
(3, 1),
(4, 2),
(5, 3);

-- --------------------------------------------------------

--
-- Table structure for table `post_tags`
--

DROP TABLE IF EXISTS `post_tags`;
CREATE TABLE IF NOT EXISTS `post_tags` (
  `post_id` int(11) unsigned NOT NULL,
  `tag_id` int(11) unsigned NOT NULL,
  PRIMARY KEY (`post_id`,`tag_id`),
  KEY `tag_id` (`tag_id`)
) ENGINE=InnoDB DEFAULT CHARSET=latin1;

--
-- Dumping data for table `post_tags`
--

INSERT INTO `post_tags` (`post_id`, `tag_id`) VALUES
(3, 1),
(4, 1),
(5, 1),
(3, 2),
(4, 2),
(5, 2),
(3, 3),
(3, 4),
(3, 5),
(5, 5);

-- --------------------------------------------------------

--
-- Table structure for table `tag`
--

DROP TABLE IF EXISTS `tag`;
CREATE TABLE IF NOT EXISTS `tag` (
  `tag_id` int(10) unsigned NOT NULL AUTO_INCREMENT,
  `tag_name` varchar(25) NOT NULL,
  PRIMARY KEY (`tag_id`)
) ENGINE=InnoDB  DEFAULT CHARSET=latin1 AUTO_INCREMENT=6 ;

--
-- Dumping data for table `tag`
--

INSERT INTO `tag` (`tag_id`, `tag_name`) VALUES
(1, 'elu'),
(2, 'lugu'),
(3, 'huvitavat'),
(4, 'reis'),
(5, 'blogi');

-- --------------------------------------------------------

--
-- Table structure for table `user`
--

DROP TABLE IF EXISTS `user`;
CREATE TABLE IF NOT EXISTS `user` (
  `user_id` int(10) unsigned NOT NULL AUTO_INCREMENT,
  `username` varchar(25) NOT NULL,
  `password` varchar(255) NOT NULL,
  `deleted` tinyint(3) unsigned NOT NULL DEFAULT '0',
  PRIMARY KEY (`user_id`)
) ENGINE=InnoDB  DEFAULT CHARSET=utf8 AUTO_INCREMENT=2 ;

--
-- Dumping data for table `user`
--

INSERT INTO `user` (`user_id`, `username`, `password`, `deleted`) VALUES
(1, 'demo', 'demo', 0);

--
-- Constraints for dumped tables
--

--
-- Constraints for table `post_tags`
--
ALTER TABLE `post_tags`
  ADD CONSTRAINT `post_tags_ibfk_2` FOREIGN KEY (`tag_id`) REFERENCES `tag` (`tag_id`),
  ADD CONSTRAINT `post_tags_ibfk_1` FOREIGN KEY (`post_id`) REFERENCES `post` (`post_id`);
SET FOREIGN_KEY_CHECKS=1;
